title  ,description
Task 01,Descição da Task 01
Task 02,Descição da Task 02
Task 03,Descição da Task 03
Task 04,Descição da Task 04
Task 05,Descição da Task 05
Task 06,Descição da Task 06
Task 07,Descição da Task 07
Task 08,Descição da Task 08
Task 09,Descição da Task 09
Task 10,Descição da Task 10
Task 11,Descição da Task 11
Task 12,Descição da Task 12
Task 13,Descição da Task 13
Task 14,Descição da Task 14
Task 15,Descição da Task 15
Task 16,Descição da Task 16
Task 17,Descição da Task 17
Task 18,Descição da Task 18
Task 19,Descição da Task 19
Task 20,Descição da Task 20
Task 21,Descição da Task 21
Task 22,Descição da Task 22
Task 23,Descição da Task 23
Task 24,Descição da Task 24